ethnicity,index_date_stata,sumall,sumibite,sumimpetigo,sumotitismedia,sumshingles,sumsinusitis,sumsorethroat,sumuti
African,,0,0,0,0,0,0,0,0
All_other_ethnic_groups,,0,0,0,0,0,0,0,0
Bangladeshi,,0,0,0,0,0,0,0,0
Caribbean,,0,0,0,0,0,0,0,0
Chinese,,0,0,0,0,0,0,0,0
Indian,,0,0,0,0,0,0,0,0
Missing,,1,0,0,0,0,0,0,1
Other_Black,,0,0,0,0,0,0,0,0
Other_Mixed,,0,0,0,0,0,0,0,0
Other_South_Asian,,0,0,0,0,0,0,0,0
Other_White,,0,0,0,0,0,0,0,0
White_Irish,,0,0,0,0,0,0,0,0
White_and_Asian,,1,0,0,0,0,1,0,0
White_and_Caribbean,,0,0,0,0,0,0,0,0
