stp,index_date_stata,sumall,sumibite,sumimpetigo,sumotitismedia,sumshingles,sumsinusitis,sumsorethroat,sumuti
E54000006,,0,0,0,0,0,0,0,0
E54000007,,0,0,0,0,0,0,0,0
E54000012,,0,0,0,0,0,0,0,0
E54000013,,0,0,0,0,0,0,0,0
E54000015,,0,0,0,0,0,0,0,0
E54000020,,0,0,0,0,0,0,0,0
E54000021,,0,0,0,0,0,0,0,0
E54000024,,0,0,0,0,0,0,0,0
E54000025,,0,0,0,0,0,0,0,0
E54000027,,1,0,0,0,0,1,0,0
E54000028,,0,0,0,0,0,0,0,0
E54000030,,0,0,0,0,0,0,0,0
E54000031,,0,0,0,0,0,0,0,0
E54000034,,0,0,0,0,0,0,0,0
E54000035,,0,0,0,0,0,0,0,0
E54000038,,0,0,0,0,0,0,0,0
E54000039,,0,0,0,0,0,0,0,0
E54000041,,0,0,0,0,0,0,0,0
E54000044,,0,0,0,0,0,0,0,0
E54000049,,0,0,0,0,0,0,0,0
E54000052,,0,0,0,0,0,0,0,0
E54000053,,0,0,0,0,0,0,0,0
E54000054,,0,0,0,0,0,0,0,0
E54000059,,0,0,0,0,0,0,0,0
E54000061,,0,0,0,0,0,0,0,0
E54000063,,1,0,0,0,0,0,0,1
E54000064,,0,0,0,0,0,0,0,0
E54000068,,0,0,0,0,0,0,0,0
E54000072,,0,0,0,0,0,0,0,0
E54000075,,0,0,0,0,0,0,0,0
E54000076,,0,0,0,0,0,0,0,0
E54000077,,0,0,0,0,0,0,0,0
E54000079,,0,0,0,0,0,0,0,0
E54000080,,0,0,0,0,0,0,0,0
E54000082,,0,0,0,0,0,0,0,0
E54000084,,0,0,0,0,0,0,0,0
E54000085,,0,0,0,0,0,0,0,0
E54000087,,0,0,0,0,0,0,0,0
E54000091,,0,0,0,0,0,0,0,0
E54000097,,0,0,0,0,0,0,0,0
