ethnicity,sumall,sumibite,sumimpetigo,sumotitismedia,sumshingles,sumsinusitis,sumsorethroat,sumuti
African,0,0,0,0,0,0,0,0
All other ethnic groups,0,0,0,0,0,0,0,0
Bangladeshi,0,0,0,0,0,0,0,0
Caribbean,0,0,0,0,0,0,0,0
Chinese,0,0,0,0,0,0,0,0
Indian,0,0,0,0,0,0,0,0
Missing,1,0,0,0,0,0,0,1
Other Black,0,0,0,0,0,0,0,0
Other Mixed,0,0,0,0,0,0,0,0
Other South Asian,0,0,0,0,0,0,0,0
Other White,0,0,0,0,0,0,0,0
White Irish,0,0,0,0,0,0,0,0
White and Asian,1,0,0,0,0,1,0,0
White and Caribbean,0,0,0,0,0,0,0,0
